{"connections": {"hunger": 0.8007825371001481, "tiredness": -0.22292441943930447, "happiness": -0.7557387757853878, "sleep": -0.45745990381901575, "play": 0.6247901875964407, "neuron1": -0.32455657768611534, "neuron2": -0.9724901151406944, "neuron3": 0.3049137247944698, "neuron4": 0.08415833692957114}, "value": -42.238124789510934}