{"layer": "input", "connections": {"h1": -0.3794858998602213, "h2": -0.628805535170726, "h3": 0.4210122343777829, "h4": 0.3737034407045552}, "value": 0}