{"layer": "input", "connections": {"h1": 0.7198999847052638, "h2": 0.8660110070990708, "h3": 0.4688404698159261, "h4": 0.046417178808108694}, "value": 0}