{"layer": "hidden", "connections": {"eat": 0.956849710195858, "sleep": 0.7961712447731124, "play": -0.7194058621486639, "move_speed": -0.22473890070360825, "move_angle": -0.25995878685349494}, "value": 0}