{"layer": "hidden", "connections": {"eat": 0.8897546164430408, "sleep": -0.2325967228219734, "play": 0.20682840748128717, "move_speed": 0.9795685650585255, "move_angle": -0.9915970535380869}, "value": 0}