{"layer": "hidden", "connections": {"eat": 0.9165551436604644, "sleep": 0.553108848580018, "play": 0.6465648464252589, "move_speed": -0.2766474520768858, "move_angle": 0.1515006665014651}, "value": 0}