{"layer": "hidden", "connections": {"eat": 0.25850373214338607, "sleep": 0.0889078124483269, "play": -0.669448989373765, "move_speed": 0.19394249114540663, "move_angle": 0.9799698834169106}, "value": 0}