{"layer": "input", "connections": {"h1": 0.2760259528713982, "h2": 0.7494653925131816, "h3": -0.8965322798241637, "h4": 0.4570783499165003}, "value": 0}