{"connections": {"hunger": 0.6408027477817918, "tiredness": -0.14932190903293974, "eat": -0.6427383035703608, "sleep": -0.5381335658376973, "play": 0.29883137690063427, "neuron1": -0.9815131187102173, "neuron2": -0.273284628571486, "neuron3": 0.6451777657548982, "neuron4": 0.5360816263332269}, "value": 3.5069982987223574}