{"connections": {"tiredness": 0.3308405739373819, "happiness": 0.26720921605286413, "eat": -0.4577400942478492, "sleep": 0.29301467886268, "play": 0.5525442958043383, "neuron1": -0.5140828664469858, "neuron2": -0.6820855770753005, "neuron3": 0.4698847504062652, "neuron4": -0.8233579661243422}, "value": 1.174875545851195}