{"layer": "input", "connections": {"h1": -0.9130191929456033, "h2": -0.8799626044489512, "h3": -0.3246594564019314, "h4": 0.05969919056815853}, "value": 0}