{"connections": {"hunger": -0.7306930490579421, "tiredness": -0.10947164219492712, "happiness": 0.16423659845476854, "eat": 0.8353892909808536, "sleep": 0.9593027686408426, "play": 0.4037110776353888, "neuron1": 0.6581861040111753, "neuron2": -0.2252581634741088, "neuron4": -0.5948428245732973}, "value": -3.9158208408312163}