{"connections": {"hunger": -0.6615257345963819, "tiredness": -0.48003739123041506, "happiness": 0.6512186034520272, "eat": -0.9118958928130748, "sleep": 0.42174546462815665, "play": -0.4277403397390964, "neuron2": 0.37190868613159317, "neuron3": 0.07663338056173113, "neuron4": -0.6771682646048307}, "value": 5.8982998732504175}