{"connections": {"hunger": -0.3415905549605316, "tiredness": -0.31314835095545573, "happiness": 0.7192903976925056, "eat": 0.7361569110509473, "sleep": 0.43722302832102705, "play": -0.4048540691207794, "neuron1": 0.6070187129664243, "neuron2": -0.6989268368869404, "neuron3": -0.29937850999538146}, "value": 12.611986061325757}