{"connections": {"hunger": -0.6804264714016469, "tiredness": -0.910096896399448, "happiness": -0.4878913221717398, "eat": -0.45504712870182185, "sleep": -0.36984833372309683, "play": 0.47381889900940055, "neuron1": -0.6639411161501596, "neuron3": 0.10514634638308668, "neuron4": -0.6741508751714547}, "value": -40.10199275982396}