{"connections": {"hunger": 0.7179796426518198, "tiredness": -0.13234997989047156, "happiness": 0.9754161465601223, "eat": -0.9639851102728273, "sleep": 0.46859024340881417, "neuron1": 0.33878775064744315, "neuron2": -0.4691419392260685, "neuron3": -0.8308948335438234, "neuron4": 0.6652671387507457}, "value": 17.84459960577985}