{"connections": {"hunger": 0.07058339353426757, "tiredness": 0.9859557587174334, "happiness": -0.9039888456752148, "eat": -0.23567236579908493, "play": 0.6035279600366237, "neuron1": 0.39407620123540865, "neuron2": -0.33499673998446833, "neuron3": -0.7099463325369474, "neuron4": 0.47985595944714327}, "value": 13.526329681134685}