{"connections": {"hunger": 0.7260522307315359, "happiness": 0.8989793778201496, "eat": -0.8480307356018406, "sleep": -0.0230319097165202, "play": 0.6169275591295422, "neuron1": 0.40887187779273837, "neuron2": -0.35647731011225137, "neuron3": 0.7796060623902681, "neuron4": -0.18114305117268834}, "value": 3.8893444016414063}