{"layer": "input", "connections": {"h1": 0.6740909276673976, "h2": 0.2833133541761066, "h3": -0.6572767123740493, "h4": -0.06386887138443487}, "value": 0}